Code Domaine,Domaine,Code zone (FAO),Zone,Code Élément,Élément,Code Produit,Produit,Code année,Année,Unité,Valeur,Symbole,Description du Symbole,Note
"OA","Séries temporelles annuelles","2","Afghanistan","511","Population totale","3010","Population-Estimations","2019","2019","1000 personnes","38041.754","X","Sources internationales sûres",""
"OA","Séries temporelles annuelles","202","Afrique du Sud","511","Population totale","3010","Population-Estimations","2019","2019","1000 personnes","58558.27","X","Sources internationales sûres",""
"OA","Séries temporelles annuelles","3","Albanie","511","Population totale","3010","Population-Estimations","2019","2019","1000 personnes","2880.917","X","Sources internationales sûres",""
"OA","Séries temporelles annuelles","4","Algérie","511","Population totale","3010","Population-Estimations","2019","2019","1000 personnes","43053.054","X","Sources internationales sûres",""
"OA","Séries temporelles annuelles","79","Allemagne","511","Population totale","3010","Population-Estimations","2019","2019","1000 personnes","83517.045","X","Sources internationales sûres",""
"OA","Séries temporelles annuelles","6","Andorre","511","Population totale","3010","Population-Estimations","2019","2019","1000 personnes","77.142","X","Sources internationales sûres",""
"OA","Séries temporelles annuelles","7","Angola","511","Population totale","3010","Population-Estimations","2019","2019","1000 personnes","31825.295","X","Sources internationales sûres",""
"OA","Séries temporelles annuelles","258","Anguilla","511","Population totale","3010","Population-Estimations","2019","2019","1000 personnes","14.869","X","Sources internationales sûres",""
"OA","Séries temporelles annuelles","8","Antigua-et-Barbuda","511","Population totale","3010","Population-Estimations","2019","2019","1000 personnes","97.118","X","Sources internationales sûres",""
"OA","Séries temporelles annuelles","151","Antilles néerlandaises (ex)","511","Population totale","3010","Population-Estimations","2019","2019","1000 personnes","279.64","A","Agrégat, peut inclure des données officielles, semi-officielles, estimées ou calculées",""
"OA","Séries temporelles annuelles","194","Arabie saoudite","511","Population totale","3010","Population-Estimations","2019","2019","1000 personnes","34268.528","X","Sources internationales sûres",""
"OA","Séries temporelles annuelles","9","Argentine","511","Population totale","3010","Population-Estimations","2019","2019","1000 personnes","44780.677","X","Sources internationales sûres",""
"OA","Séries temporelles annuelles","1","Arménie","511","Population totale","3010","Population-Estimations","2019","2019","1000 personnes","2957.731","X","Sources internationales sûres",""
"OA","Séries temporelles annuelles","22","Aruba","511","Population totale","3010","Population-Estimations","2019","2019","1000 personnes","106.314","X","Sources internationales sûres",""
"OA","Séries temporelles annuelles","10","Australie","511","Population totale","3010","Population-Estimations","2019","2019","1000 personnes","25203.198","X","Sources internationales sûres",""
"OA","Séries temporelles annuelles","11","Autriche","511","Population totale","3010","Population-Estimations","2019","2019","1000 personnes","8955.102","X","Sources internationales sûres",""
"OA","Séries temporelles annuelles","52","Azerbaïdjan","511","Population totale","3010","Population-Estimations","2019","2019","1000 personnes","10047.718","X","Sources internationales sûres",""
"OA","Séries temporelles annuelles","12","Bahamas","511","Population totale","3010","Population-Estimations","2019","2019","1000 personnes","389.482","X","Sources internationales sûres",""
"OA","Séries temporelles annuelles","13","Bahreïn","511","Population totale","3010","Population-Estimations","2019","2019","1000 personnes","1641.172","X","Sources internationales sûres",""
"OA","Séries temporelles annuelles","16","Bangladesh","511","Population totale","3010","Population-Estimations","2019","2019","1000 personnes","163046.161","X","Sources internationales sûres",""
"OA","Séries temporelles annuelles","14","Barbade","511","Population totale","3010","Population-Estimations","2019","2019","1000 personnes","287.025","X","Sources internationales sûres",""
"OA","Séries temporelles annuelles","57","Bélarus","511","Population totale","3010","Population-Estimations","2019","2019","1000 personnes","9452.411","X","Sources internationales sûres",""
"OA","Séries temporelles annuelles","255","Belgique","511","Population totale","3010","Population-Estimations","2019","2019","1000 personnes","11539.328","X","Sources internationales sûres",""
"OA","Séries temporelles annuelles","23","Belize","511","Population totale","3010","Population-Estimations","2019","2019","1000 personnes","390.353","X","Sources internationales sûres",""
"OA","Séries temporelles annuelles","53","Bénin","511","Population totale","3010","Population-Estimations","2019","2019","1000 personnes","11801.151","X","Sources internationales sûres",""
"OA","Séries temporelles annuelles","17","Bermudes","511","Population totale","3010","Population-Estimations","2019","2019","1000 personnes","62.506","X","Sources internationales sûres",""
"OA","Séries temporelles annuelles","18","Bhoutan","511","Population totale","3010","Population-Estimations","2019","2019","1000 personnes","763.092","X","Sources internationales sûres",""
"OA","Séries temporelles annuelles","19","Bolivie (État plurinational de)","511","Population totale","3010","Population-Estimations","2019","2019","1000 personnes","11513.1","X","Sources internationales sûres",""
"OA","Séries temporelles annuelles","278","Bonaire, Saint-Eustache et Saba","511","Population totale","3010","Population-Estimations","2019","2019","1000 personnes","25.979","X","Sources internationales sûres",""
"OA","Séries temporelles annuelles","80","Bosnie-Herzégovine","511","Population totale","3010","Population-Estimations","2019","2019","1000 personnes","3301","X","Sources internationales sûres",""
"OA","Séries temporelles annuelles","20","Botswana","511","Population totale","3010","Population-Estimations","2019","2019","1000 personnes","2303.697","X","Sources internationales sûres",""
"OA","Séries temporelles annuelles","21","Brésil","511","Population totale","3010","Population-Estimations","2019","2019","1000 personnes","211049.527","X","Sources internationales sûres",""
"OA","Séries temporelles annuelles","26","Brunéi Darussalam","511","Population totale","3010","Population-Estimations","2019","2019","1000 personnes","433.285","X","Sources internationales sûres",""
"OA","Séries temporelles annuelles","27","Bulgarie","511","Population totale","3010","Population-Estimations","2019","2019","1000 personnes","7000.119","X","Sources internationales sûres",""
"OA","Séries temporelles annuelles","233","Burkina Faso","511","Population totale","3010","Population-Estimations","2019","2019","1000 personnes","20321.378","X","Sources internationales sûres",""
"OA","Séries temporelles annuelles","29","Burundi","511","Population totale","3010","Population-Estimations","2019","2019","1000 personnes","11530.58","X","Sources internationales sûres",""
"OA","Séries temporelles annuelles","35","Cabo Verde","511","Population totale","3010","Population-Estimations","2019","2019","1000 personnes","549.935","X","Sources internationales sûres",""
"OA","Séries temporelles annuelles","115","Cambodge","511","Population totale","3010","Population-Estimations","2019","2019","1000 personnes","16486.542","X","Sources internationales sûres",""
"OA","Séries temporelles annuelles","32","Cameroun","511","Population totale","3010","Population-Estimations","2019","2019","1000 personnes","25876.38","X","Sources internationales sûres",""
"OA","Séries temporelles annuelles","33","Canada","511","Population totale","3010","Population-Estimations","2019","2019","1000 personnes","37411.047","X","Sources internationales sûres",""
"OA","Séries temporelles annuelles","40","Chili","511","Population totale","3010","Population-Estimations","2019","2019","1000 personnes","18952.038","X","Sources internationales sûres",""
"OA","Séries temporelles annuelles","351","Chine","511","Population totale","3010","Population-Estimations","2019","2019","1000 personnes","1465634.161","A","Agrégat, peut inclure des données officielles, semi-officielles, estimées ou calculées",""
"OA","Séries temporelles annuelles","96","Chine - RAS de Hong-Kong","511","Population totale","3010","Population-Estimations","2019","2019","1000 personnes","7436.154","X","Sources internationales sûres",""
"OA","Séries temporelles annuelles","128","Chine - RAS de Macao","511","Population totale","3010","Population-Estimations","2019","2019","1000 personnes","640.445","X","Sources internationales sûres",""
"OA","Séries temporelles annuelles","41","Chine, continentale","511","Population totale","3010","Population-Estimations","2019","2019","1000 personnes","1433783.686","X","Sources internationales sûres",""
"OA","Séries temporelles annuelles","214","Chine, Taiwan Province de","511","Population totale","3010","Population-Estimations","2019","2019","1000 personnes","23773.876","X","Sources internationales sûres",""
"OA","Séries temporelles annuelles","50","Chypre","511","Population totale","3010","Population-Estimations","2019","2019","1000 personnes","1198.575","X","Sources internationales sûres",""
"OA","Séries temporelles annuelles","44","Colombie","511","Population totale","3010","Population-Estimations","2019","2019","1000 personnes","50339.443","X","Sources internationales sûres",""
"OA","Séries temporelles annuelles","45","Comores","511","Population totale","3010","Population-Estimations","2019","2019","1000 personnes","850.886","X","Sources internationales sûres",""
"OA","Séries temporelles annuelles","46","Congo","511","Population totale","3010","Population-Estimations","2019","2019","1000 personnes","5380.508","X","Sources internationales sûres",""
"OA","Séries temporelles annuelles","48","Costa Rica","511","Population totale","3010","Population-Estimations","2019","2019","1000 personnes","5047.561","X","Sources internationales sûres",""
"OA","Séries temporelles annuelles","107","Côte d'Ivoire","511","Population totale","3010","Population-Estimations","2019","2019","1000 personnes","25716.544","X","Sources internationales sûres",""
"OA","Séries temporelles annuelles","98","Croatie","511","Population totale","3010","Population-Estimations","2019","2019","1000 personnes","4130.304","X","Sources internationales sûres",""
"OA","Séries temporelles annuelles","49","Cuba","511","Population totale","3010","Population-Estimations","2019","2019","1000 personnes","11333.483","X","Sources internationales sûres",""
"OA","Séries temporelles annuelles","279","Curaçao","511","Population totale","3010","Population-Estimations","2019","2019","1000 personnes","163.424","X","Sources internationales sûres",""
"OA","Séries temporelles annuelles","54","Danemark","511","Population totale","3010","Population-Estimations","2019","2019","1000 personnes","5771.876","X","Sources internationales sûres",""
"OA","Séries temporelles annuelles","72","Djibouti","511","Population totale","3010","Population-Estimations","2019","2019","1000 personnes","973.56","X","Sources internationales sûres",""
"OA","Séries temporelles annuelles","55","Dominique","511","Population totale","3010","Population-Estimations","2019","2019","1000 personnes","71.808","X","Sources internationales sûres",""
"OA","Séries temporelles annuelles","59","Égypte","511","Population totale","3010","Population-Estimations","2019","2019","1000 personnes","100388.073","X","Sources internationales sûres",""
"OA","Séries temporelles annuelles","60","El Salvador","511","Population totale","3010","Population-Estimations","2019","2019","1000 personnes","6453.553","X","Sources internationales sûres",""
"OA","Séries temporelles annuelles","225","Émirats arabes unis","511","Population totale","3010","Population-Estimations","2019","2019","1000 personnes","9770.529","X","Sources internationales sûres",""
"OA","Séries temporelles annuelles","58","Équateur","511","Population totale","3010","Population-Estimations","2019","2019","1000 personnes","17373.662","X","Sources internationales sûres",""
"OA","Séries temporelles annuelles","178","Érythrée","511","Population totale","3010","Population-Estimations","2019","2019","1000 personnes","3497.117","X","Sources internationales sûres",""
"OA","Séries temporelles annuelles","203","Espagne","511","Population totale","3010","Population-Estimations","2019","2019","1000 personnes","46736.776","X","Sources internationales sûres",""
"OA","Séries temporelles annuelles","63","Estonie","511","Population totale","3010","Population-Estimations","2019","2019","1000 personnes","1325.648","X","Sources internationales sûres",""
"OA","Séries temporelles annuelles","209","Eswatini","511","Population totale","3010","Population-Estimations","2019","2019","1000 personnes","1148.13","X","Sources internationales sûres",""
"OA","Séries temporelles annuelles","231","États-Unis d'Amérique","511","Population totale","3010","Population-Estimations","2019","2019","1000 personnes","329064.917","X","Sources internationales sûres",""
"OA","Séries temporelles annuelles","238","Éthiopie","511","Population totale","3010","Population-Estimations","2019","2019","1000 personnes","112078.73","X","Sources internationales sûres",""
"OA","Séries temporelles annuelles","185","Fédération de Russie","511","Population totale","3010","Population-Estimations","2019","2019","1000 personnes","145872.256","X","Sources internationales sûres",""
"OA","Séries temporelles annuelles","66","Fidji","511","Population totale","3010","Population-Estimations","2019","2019","1000 personnes","889.953","X","Sources internationales sûres",""
"OA","Séries temporelles annuelles","67","Finlande","511","Population totale","3010","Population-Estimations","2019","2019","1000 personnes","5532.156","X","Sources internationales sûres",""
"OA","Séries temporelles annuelles","68","France","511","Population totale","3010","Population-Estimations","2019","2019","1000 personnes","65129.728","X","Sources internationales sûres",""
"OA","Séries temporelles annuelles","74","Gabon","511","Population totale","3010","Population-Estimations","2019","2019","1000 personnes","2172.579","X","Sources internationales sûres",""
"OA","Séries temporelles annuelles","75","Gambie","511","Population totale","3010","Population-Estimations","2019","2019","1000 personnes","2347.706","X","Sources internationales sûres",""
"OA","Séries temporelles annuelles","73","Géorgie","511","Population totale","3010","Population-Estimations","2019","2019","1000 personnes","3996.765","X","Sources internationales sûres",""
"OA","Séries temporelles annuelles","81","Ghana","511","Population totale","3010","Population-Estimations","2019","2019","1000 personnes","30417.856","X","Sources internationales sûres",""
"OA","Séries temporelles annuelles","82","Gibraltar","511","Population totale","3010","Population-Estimations","2019","2019","1000 personnes","33.701","X","Sources internationales sûres",""
"OA","Séries temporelles annuelles","84","Grèce","511","Population totale","3010","Population-Estimations","2019","2019","1000 personnes","10473.455","X","Sources internationales sûres",""
"OA","Séries temporelles annuelles","86","Grenade","511","Population totale","3010","Population-Estimations","2019","2019","1000 personnes","112.003","X","Sources internationales sûres",""
"OA","Séries temporelles annuelles","85","Groenland","511","Population totale","3010","Population-Estimations","2019","2019","1000 personnes","56.672","X","Sources internationales sûres",""
"OA","Séries temporelles annuelles","87","Guadeloupe","511","Population totale","3010","Population-Estimations","2019","2019","1000 personnes","400.056","X","Sources internationales sûres",""
"OA","Séries temporelles annuelles","88","Guam","511","Population totale","3010","Population-Estimations","2019","2019","1000 personnes","167.294","X","Sources internationales sûres",""
"OA","Séries temporelles annuelles","89","Guatemala","511","Population totale","3010","Population-Estimations","2019","2019","1000 personnes","17581.472","X","Sources internationales sûres",""
"OA","Séries temporelles annuelles","90","Guinée","511","Population totale","3010","Population-Estimations","2019","2019","1000 personnes","12771.246","X","Sources internationales sûres",""
"OA","Séries temporelles annuelles","61","Guinée équatoriale","511","Population totale","3010","Population-Estimations","2019","2019","1000 personnes","1355.986","X","Sources internationales sûres",""
"OA","Séries temporelles annuelles","175","Guinée-Bissau","511","Population totale","3010","Population-Estimations","2019","2019","1000 personnes","1920.922","X","Sources internationales sûres",""
"OA","Séries temporelles annuelles","91","Guyana","511","Population totale","3010","Population-Estimations","2019","2019","1000 personnes","782.766","X","Sources internationales sûres",""
"OA","Séries temporelles annuelles","69","Guyane française","511","Population totale","3010","Population-Estimations","2019","2019","1000 personnes","290.832","X","Sources internationales sûres",""
"OA","Séries temporelles annuelles","93","Haïti","511","Population totale","3010","Population-Estimations","2019","2019","1000 personnes","11263.077","X","Sources internationales sûres",""
"OA","Séries temporelles annuelles","95","Honduras","511","Population totale","3010","Population-Estimations","2019","2019","1000 personnes","9746.117","X","Sources internationales sûres",""
"OA","Séries temporelles annuelles","97","Hongrie","511","Population totale","3010","Population-Estimations","2019","2019","1000 personnes","9684.679","X","Sources internationales sûres",""
"OA","Séries temporelles annuelles","264","Île de Man","511","Population totale","3010","Population-Estimations","2019","2019","1000 personnes","84.584","X","Sources internationales sûres",""
"OA","Séries temporelles annuelles","259","Îles Anglo-Normandes","511","Population totale","3010","Population-Estimations","2019","2019","1000 personnes","172.259","X","Sources internationales sûres",""
"OA","Séries temporelles annuelles","36","Îles Caïmanes","511","Population totale","3010","Population-Estimations","2019","2019","1000 personnes","64.948","X","Sources internationales sûres",""
"OA","Séries temporelles annuelles","47","Îles Cook","511","Population totale","3010","Population-Estimations","2019","2019","1000 personnes","17.548","X","Sources internationales sûres",""
"OA","Séries temporelles annuelles","65","Îles Falkland (Malvinas)","511","Population totale","3010","Population-Estimations","2019","2019","1000 personnes","3.377","X","Sources internationales sûres",""
"OA","Séries temporelles annuelles","64","Îles Féroé","511","Population totale","3010","Population-Estimations","2019","2019","1000 personnes","48.678","X","Sources internationales sûres",""
"OA","Séries temporelles annuelles","163","Îles Mariannes du Nord","511","Population totale","3010","Population-Estimations","2019","2019","1000 personnes","57.216","X","Sources internationales sûres",""
"OA","Séries temporelles annuelles","127","Îles Marshall","511","Population totale","3010","Population-Estimations","2019","2019","1000 personnes","58.791","X","Sources internationales sûres",""
"OA","Séries temporelles annuelles","25","Îles Salomon","511","Population totale","3010","Population-Estimations","2019","2019","1000 personnes","669.823","X","Sources internationales sûres",""
"OA","Séries temporelles annuelles","224","Îles Turques-et-Caïques","511","Population totale","3010","Population-Estimations","2019","2019","1000 personnes","38.191","X","Sources internationales sûres",""
"OA","Séries temporelles annuelles","240","Îles Vierges américaines","511","Population totale","3010","Population-Estimations","2019","2019","1000 personnes","104.578","X","Sources internationales sûres",""
"OA","Séries temporelles annuelles","239","Îles Vierges britanniques","511","Population totale","3010","Population-Estimations","2019","2019","1000 personnes","30.03","X","Sources internationales sûres",""
"OA","Séries temporelles annuelles","243","Îles Wallis-et-Futuna","511","Population totale","3010","Population-Estimations","2019","2019","1000 personnes","11.432","X","Sources internationales sûres",""
"OA","Séries temporelles annuelles","100","Inde","511","Population totale","3010","Population-Estimations","2019","2019","1000 personnes","1366417.754","X","Sources internationales sûres",""
"OA","Séries temporelles annuelles","101","Indonésie","511","Population totale","3010","Population-Estimations","2019","2019","1000 personnes","270625.568","X","Sources internationales sûres",""
"OA","Séries temporelles annuelles","102","Iran (République islamique d')","511","Population totale","3010","Population-Estimations","2019","2019","1000 personnes","82913.906","X","Sources internationales sûres",""
"OA","Séries temporelles annuelles","103","Iraq","511","Population totale","3010","Population-Estimations","2019","2019","1000 personnes","39309.783","X","Sources internationales sûres",""
"OA","Séries temporelles annuelles","104","Irlande","511","Population totale","3010","Population-Estimations","2019","2019","1000 personnes","4882.495","X","Sources internationales sûres",""
"OA","Séries temporelles annuelles","99","Islande","511","Population totale","3010","Population-Estimations","2019","2019","1000 personnes","339.031","X","Sources internationales sûres",""
"OA","Séries temporelles annuelles","105","Israël","511","Population totale","3010","Population-Estimations","2019","2019","1000 personnes","8519.377","X","Sources internationales sûres",""
"OA","Séries temporelles annuelles","106","Italie","511","Population totale","3010","Population-Estimations","2019","2019","1000 personnes","60550.075","X","Sources internationales sûres",""
"OA","Séries temporelles annuelles","109","Jamaïque","511","Population totale","3010","Population-Estimations","2019","2019","1000 personnes","2948.279","X","Sources internationales sûres",""
"OA","Séries temporelles annuelles","110","Japon","511","Population totale","3010","Population-Estimations","2019","2019","1000 personnes","126860.301","X","Sources internationales sûres",""
"OA","Séries temporelles annuelles","112","Jordanie","511","Population totale","3010","Population-Estimations","2019","2019","1000 personnes","10101.694","X","Sources internationales sûres",""
"OA","Séries temporelles annuelles","108","Kazakhstan","511","Population totale","3010","Population-Estimations","2019","2019","1000 personnes","18551.427","X","Sources internationales sûres",""
"OA","Séries temporelles annuelles","114","Kenya","511","Population totale","3010","Population-Estimations","2019","2019","1000 personnes","52573.973","X","Sources internationales sûres",""
"OA","Séries temporelles annuelles","113","Kirghizistan","511","Population totale","3010","Population-Estimations","2019","2019","1000 personnes","6415.85","X","Sources internationales sûres",""
"OA","Séries temporelles annuelles","83","Kiribati","511","Population totale","3010","Population-Estimations","2019","2019","1000 personnes","117.606","X","Sources internationales sûres",""
"OA","Séries temporelles annuelles","118","Koweït","511","Population totale","3010","Population-Estimations","2019","2019","1000 personnes","4207.083","X","Sources internationales sûres",""
"OA","Séries temporelles annuelles","122","Lesotho","511","Population totale","3010","Population-Estimations","2019","2019","1000 personnes","2125.268","X","Sources internationales sûres",""
"OA","Séries temporelles annuelles","119","Lettonie","511","Population totale","3010","Population-Estimations","2019","2019","1000 personnes","1906.743","X","Sources internationales sûres",""
"OA","Séries temporelles annuelles","121","Liban","511","Population totale","3010","Population-Estimations","2019","2019","1000 personnes","6855.713","X","Sources internationales sûres",""
"OA","Séries temporelles annuelles","123","Libéria","511","Population totale","3010","Population-Estimations","2019","2019","1000 personnes","4937.374","X","Sources internationales sûres",""
"OA","Séries temporelles annuelles","124","Libye","511","Population totale","3010","Population-Estimations","2019","2019","1000 personnes","6777.452","X","Sources internationales sûres",""
"OA","Séries temporelles annuelles","125","Liechtenstein","511","Population totale","3010","Population-Estimations","2019","2019","1000 personnes","38.019","X","Sources internationales sûres",""
"OA","Séries temporelles annuelles","126","Lituanie","511","Population totale","3010","Population-Estimations","2019","2019","1000 personnes","2759.627","X","Sources internationales sûres",""
"OA","Séries temporelles annuelles","256","Luxembourg","511","Population totale","3010","Population-Estimations","2019","2019","1000 personnes","615.729","X","Sources internationales sûres",""
"OA","Séries temporelles annuelles","154","Macédoine du Nord","511","Population totale","3010","Population-Estimations","2019","2019","1000 personnes","2083.459","X","Sources internationales sûres",""
"OA","Séries temporelles annuelles","129","Madagascar","511","Population totale","3010","Population-Estimations","2019","2019","1000 personnes","26969.307","X","Sources internationales sûres",""
"OA","Séries temporelles annuelles","131","Malaisie","511","Population totale","3010","Population-Estimations","2019","2019","1000 personnes","31949.777","X","Sources internationales sûres",""
"OA","Séries temporelles annuelles","130","Malawi","511","Population totale","3010","Population-Estimations","2019","2019","1000 personnes","18628.747","X","Sources internationales sûres",""
"OA","Séries temporelles annuelles","132","Maldives","511","Population totale","3010","Population-Estimations","2019","2019","1000 personnes","530.953","X","Sources internationales sûres",""
"OA","Séries temporelles annuelles","133","Mali","511","Population totale","3010","Population-Estimations","2019","2019","1000 personnes","19658.031","X","Sources internationales sûres",""
"OA","Séries temporelles annuelles","134","Malte","511","Population totale","3010","Population-Estimations","2019","2019","1000 personnes","440.372","X","Sources internationales sûres",""
"OA","Séries temporelles annuelles","143","Maroc","511","Population totale","3010","Population-Estimations","2019","2019","1000 personnes","36471.769","X","Sources internationales sûres",""
"OA","Séries temporelles annuelles","135","Martinique","511","Population totale","3010","Population-Estimations","2019","2019","1000 personnes","375.554","X","Sources internationales sûres",""
"OA","Séries temporelles annuelles","137","Maurice","511","Population totale","3010","Population-Estimations","2019","2019","1000 personnes","1269.668","X","Sources internationales sûres",""
"OA","Séries temporelles annuelles","136","Mauritanie","511","Population totale","3010","Population-Estimations","2019","2019","1000 personnes","4525.696","X","Sources internationales sûres",""
"OA","Séries temporelles annuelles","270","Mayotte","511","Population totale","3010","Population-Estimations","2019","2019","1000 personnes","266.15","X","Sources internationales sûres",""
"OA","Séries temporelles annuelles","138","Mexique","511","Population totale","3010","Population-Estimations","2019","2019","1000 personnes","127575.529","X","Sources internationales sûres",""
"OA","Séries temporelles annuelles","145","Micronésie (États fédérés de)","511","Population totale","3010","Population-Estimations","2019","2019","1000 personnes","113.815","X","Sources internationales sûres",""
"OA","Séries temporelles annuelles","140","Monaco","511","Population totale","3010","Population-Estimations","2019","2019","1000 personnes","38.964","X","Sources internationales sûres",""
"OA","Séries temporelles annuelles","141","Mongolie","511","Population totale","3010","Population-Estimations","2019","2019","1000 personnes","3225.167","X","Sources internationales sûres",""
"OA","Séries temporelles annuelles","273","Monténégro","511","Population totale","3010","Population-Estimations","2019","2019","1000 personnes","627.987","X","Sources internationales sûres",""
"OA","Séries temporelles annuelles","142","Montserrat","511","Population totale","3010","Population-Estimations","2019","2019","1000 personnes","4.989","X","Sources internationales sûres",""
"OA","Séries temporelles annuelles","144","Mozambique","511","Population totale","3010","Population-Estimations","2019","2019","1000 personnes","30366.036","X","Sources internationales sûres",""
"OA","Séries temporelles annuelles","28","Myanmar","511","Population totale","3010","Population-Estimations","2019","2019","1000 personnes","54045.42","X","Sources internationales sûres",""
"OA","Séries temporelles annuelles","147","Namibie","511","Population totale","3010","Population-Estimations","2019","2019","1000 personnes","2494.53","X","Sources internationales sûres",""
"OA","Séries temporelles annuelles","148","Nauru","511","Population totale","3010","Population-Estimations","2019","2019","1000 personnes","10.756","X","Sources internationales sûres",""
"OA","Séries temporelles annuelles","149","Népal","511","Population totale","3010","Population-Estimations","2019","2019","1000 personnes","28608.71","X","Sources internationales sûres",""
"OA","Séries temporelles annuelles","157","Nicaragua","511","Population totale","3010","Population-Estimations","2019","2019","1000 personnes","6545.502","X","Sources internationales sûres",""
"OA","Séries temporelles annuelles","158","Niger","511","Population totale","3010","Population-Estimations","2019","2019","1000 personnes","23310.715","X","Sources internationales sûres",""
"OA","Séries temporelles annuelles","159","Nigéria","511","Population totale","3010","Population-Estimations","2019","2019","1000 personnes","200963.599","X","Sources internationales sûres",""
"OA","Séries temporelles annuelles","160","Nioué","511","Population totale","3010","Population-Estimations","2019","2019","1000 personnes","1.615","X","Sources internationales sûres",""
"OA","Séries temporelles annuelles","162","Norvège","511","Population totale","3010","Population-Estimations","2019","2019","1000 personnes","5378.857","X","Sources internationales sûres",""
"OA","Séries temporelles annuelles","153","Nouvelle-Calédonie","511","Population totale","3010","Population-Estimations","2019","2019","1000 personnes","282.75","X","Sources internationales sûres",""
"OA","Séries temporelles annuelles","156","Nouvelle-Zélande","511","Population totale","3010","Population-Estimations","2019","2019","1000 personnes","4783.063","X","Sources internationales sûres",""
"OA","Séries temporelles annuelles","221","Oman","511","Population totale","3010","Population-Estimations","2019","2019","1000 personnes","4974.986","X","Sources internationales sûres",""
"OA","Séries temporelles annuelles","226","Ouganda","511","Population totale","3010","Population-Estimations","2019","2019","1000 personnes","44269.594","X","Sources internationales sûres",""
"OA","Séries temporelles annuelles","235","Ouzbékistan","511","Population totale","3010","Population-Estimations","2019","2019","1000 personnes","32981.716","X","Sources internationales sûres",""
"OA","Séries temporelles annuelles","165","Pakistan","511","Population totale","3010","Population-Estimations","2019","2019","1000 personnes","216565.318","X","Sources internationales sûres",""
"OA","Séries temporelles annuelles","180","Palaos","511","Population totale","3010","Population-Estimations","2019","2019","1000 personnes","18.008","X","Sources internationales sûres",""
"OA","Séries temporelles annuelles","299","Palestine","511","Population totale","3010","Population-Estimations","2019","2019","1000 personnes","4981.42","X","Sources internationales sûres",""
"OA","Séries temporelles annuelles","166","Panama","511","Population totale","3010","Population-Estimations","2019","2019","1000 personnes","4246.439","X","Sources internationales sûres",""
"OA","Séries temporelles annuelles","168","Papouasie-Nouvelle-Guinée","511","Population totale","3010","Population-Estimations","2019","2019","1000 personnes","8776.109","X","Sources internationales sûres",""
"OA","Séries temporelles annuelles","169","Paraguay","511","Population totale","3010","Population-Estimations","2019","2019","1000 personnes","7044.636","X","Sources internationales sûres",""
"OA","Séries temporelles annuelles","150","Pays-Bas","511","Population totale","3010","Population-Estimations","2019","2019","1000 personnes","17097.13","X","Sources internationales sûres",""
"OA","Séries temporelles annuelles","170","Pérou","511","Population totale","3010","Population-Estimations","2019","2019","1000 personnes","32510.453","X","Sources internationales sûres",""
"OA","Séries temporelles annuelles","171","Philippines","511","Population totale","3010","Population-Estimations","2019","2019","1000 personnes","108116.615","X","Sources internationales sûres",""
"OA","Séries temporelles annuelles","173","Pologne","511","Population totale","3010","Population-Estimations","2019","2019","1000 personnes","37887.768","X","Sources internationales sûres",""
"OA","Séries temporelles annuelles","70","Polynésie française","511","Population totale","3010","Population-Estimations","2019","2019","1000 personnes","279.287","X","Sources internationales sûres",""
"OA","Séries temporelles annuelles","177","Porto Rico","511","Population totale","3010","Population-Estimations","2019","2019","1000 personnes","2933.408","X","Sources internationales sûres",""
"OA","Séries temporelles annuelles","174","Portugal","511","Population totale","3010","Population-Estimations","2019","2019","1000 personnes","10226.187","X","Sources internationales sûres",""
"OA","Séries temporelles annuelles","179","Qatar","511","Population totale","3010","Population-Estimations","2019","2019","1000 personnes","2832.067","X","Sources internationales sûres",""
"OA","Séries temporelles annuelles","212","République arabe syrienne","511","Population totale","3010","Population-Estimations","2019","2019","1000 personnes","17070.135","X","Sources internationales sûres",""
"OA","Séries temporelles annuelles","37","République centrafricaine","511","Population totale","3010","Population-Estimations","2019","2019","1000 personnes","4745.185","X","Sources internationales sûres",""
"OA","Séries temporelles annuelles","117","République de Corée","511","Population totale","3010","Population-Estimations","2019","2019","1000 personnes","51225.308","X","Sources internationales sûres",""
"OA","Séries temporelles annuelles","146","République de Moldova","511","Population totale","3010","Population-Estimations","2019","2019","1000 personnes","4043.263","X","Sources internationales sûres",""
"OA","Séries temporelles annuelles","250","République démocratique du Congo","511","Population totale","3010","Population-Estimations","2019","2019","1000 personnes","86790.567","X","Sources internationales sûres",""
"OA","Séries temporelles annuelles","120","République démocratique populaire lao","511","Population totale","3010","Population-Estimations","2019","2019","1000 personnes","7169.455","X","Sources internationales sûres",""
"OA","Séries temporelles annuelles","56","République dominicaine","511","Population totale","3010","Population-Estimations","2019","2019","1000 personnes","10738.958","X","Sources internationales sûres",""
"OA","Séries temporelles annuelles","116","République populaire démocratique de Corée","511","Population totale","3010","Population-Estimations","2019","2019","1000 personnes","25666.161","X","Sources internationales sûres",""
"OA","Séries temporelles annuelles","215","République-Unie de Tanzanie","511","Population totale","3010","Population-Estimations","2019","2019","1000 personnes","58005.463","X","Sources internationales sûres",""
"OA","Séries temporelles annuelles","182","Réunion","511","Population totale","3010","Population-Estimations","2019","2019","1000 personnes","888.927","X","Sources internationales sûres",""
"OA","Séries temporelles annuelles","183","Roumanie","511","Population totale","3010","Population-Estimations","2019","2019","1000 personnes","19364.557","X","Sources internationales sûres",""
"OA","Séries temporelles annuelles","229","Royaume-Uni de Grande-Bretagne et d'Irlande du Nord","511","Population totale","3010","Population-Estimations","2019","2019","1000 personnes","67530.172","X","Sources internationales sûres",""
"OA","Séries temporelles annuelles","184","Rwanda","511","Population totale","3010","Population-Estimations","2019","2019","1000 personnes","12626.95","X","Sources internationales sûres",""
"OA","Séries temporelles annuelles","205","Sahara occidental","511","Population totale","3010","Population-Estimations","2019","2019","1000 personnes","582.463","X","Sources internationales sûres",""
"OA","Séries temporelles annuelles","282","Saint-Barthélemy","511","Population totale","3010","Population-Estimations","2019","2019","1000 personnes","9.847","X","Sources internationales sûres",""
"OA","Séries temporelles annuelles","187","Sainte-Hélène, Ascension et Tristan da Cunha","511","Population totale","3010","Population-Estimations","2019","2019","1000 personnes","6.059","X","Sources internationales sûres",""
"OA","Séries temporelles annuelles","189","Sainte-Lucie","511","Population totale","3010","Population-Estimations","2019","2019","1000 personnes","182.79","X","Sources internationales sûres",""
"OA","Séries temporelles annuelles","188","Saint-Kitts-et-Nevis","511","Population totale","3010","Population-Estimations","2019","2019","1000 personnes","52.823","X","Sources internationales sûres",""
"OA","Séries temporelles annuelles","192","Saint-Marin","511","Population totale","3010","Population-Estimations","2019","2019","1000 personnes","33.86","X","Sources internationales sûres",""
"OA","Séries temporelles annuelles","281","Saint-Martin (partie française)","511","Population totale","3010","Population-Estimations","2019","2019","1000 personnes","38.002","X","Sources internationales sûres",""
"OA","Séries temporelles annuelles","190","Saint-Pierre-et-Miquelon","511","Population totale","3010","Population-Estimations","2019","2019","1000 personnes","5.822","X","Sources internationales sûres",""
"OA","Séries temporelles annuelles","94","Saint-Siège","511","Population totale","3010","Population-Estimations","2019","2019","1000 personnes","0.799","X","Sources internationales sûres","UNDESA, Population Division – World Population Prospects, the 2017 Revision"
"OA","Séries temporelles annuelles","191","Saint-Vincent-et-les Grenadines","511","Population totale","3010","Population-Estimations","2019","2019","1000 personnes","110.589","X","Sources internationales sûres",""
"OA","Séries temporelles annuelles","244","Samoa","511","Population totale","3010","Population-Estimations","2019","2019","1000 personnes","197.097","X","Sources internationales sûres",""
"OA","Séries temporelles annuelles","5","Samoa américaines","511","Population totale","3010","Population-Estimations","2019","2019","1000 personnes","55.312","X","Sources internationales sûres",""
"OA","Séries temporelles annuelles","193","Sao Tomé-et-Principe","511","Population totale","3010","Population-Estimations","2019","2019","1000 personnes","215.056","X","Sources internationales sûres",""
"OA","Séries temporelles annuelles","195","Sénégal","511","Population totale","3010","Population-Estimations","2019","2019","1000 personnes","16296.364","X","Sources internationales sûres",""
"OA","Séries temporelles annuelles","272","Serbie","511","Population totale","3010","Population-Estimations","2019","2019","1000 personnes","8772.235","X","Sources internationales sûres",""
"OA","Séries temporelles annuelles","196","Seychelles","511","Population totale","3010","Population-Estimations","2019","2019","1000 personnes","97.739","X","Sources internationales sûres",""
"OA","Séries temporelles annuelles","197","Sierra Leone","511","Population totale","3010","Population-Estimations","2019","2019","1000 personnes","7813.215","X","Sources internationales sûres",""
"OA","Séries temporelles annuelles","200","Singapour","511","Population totale","3010","Population-Estimations","2019","2019","1000 personnes","5804.337","X","Sources internationales sûres",""
"OA","Séries temporelles annuelles","280","Sint Maarten  (partie néerlandaise)","511","Population totale","3010","Population-Estimations","2019","2019","1000 personnes","42.388","X","Sources internationales sûres",""
"OA","Séries temporelles annuelles","199","Slovaquie","511","Population totale","3010","Population-Estimations","2019","2019","1000 personnes","5457.013","X","Sources internationales sûres",""
"OA","Séries temporelles annuelles","198","Slovénie","511","Population totale","3010","Population-Estimations","2019","2019","1000 personnes","2078.654","X","Sources internationales sûres",""
"OA","Séries temporelles annuelles","201","Somalie","511","Population totale","3010","Population-Estimations","2019","2019","1000 personnes","15442.905","X","Sources internationales sûres",""
"OA","Séries temporelles annuelles","276","Soudan","511","Population totale","3010","Population-Estimations","2019","2019","1000 personnes","42813.238","X","Sources internationales sûres",""
"OA","Séries temporelles annuelles","277","Soudan du Sud","511","Population totale","3010","Population-Estimations","2019","2019","1000 personnes","11062.113","X","Sources internationales sûres",""
"OA","Séries temporelles annuelles","38","Sri Lanka","511","Population totale","3010","Population-Estimations","2019","2019","1000 personnes","21323.733","X","Sources internationales sûres",""
"OA","Séries temporelles annuelles","210","Suède","511","Population totale","3010","Population-Estimations","2019","2019","1000 personnes","10036.379","X","Sources internationales sûres",""
"OA","Séries temporelles annuelles","211","Suisse","511","Population totale","3010","Population-Estimations","2019","2019","1000 personnes","8591.365","X","Sources internationales sûres",""
"OA","Séries temporelles annuelles","207","Suriname","511","Population totale","3010","Population-Estimations","2019","2019","1000 personnes","581.372","X","Sources internationales sûres",""
"OA","Séries temporelles annuelles","208","Tadjikistan","511","Population totale","3010","Population-Estimations","2019","2019","1000 personnes","9321.018","X","Sources internationales sûres",""
"OA","Séries temporelles annuelles","39","Tchad","511","Population totale","3010","Population-Estimations","2019","2019","1000 personnes","15946.876","X","Sources internationales sûres",""
"OA","Séries temporelles annuelles","167","Tchéquie","511","Population totale","3010","Population-Estimations","2019","2019","1000 personnes","10689.209","X","Sources internationales sûres",""
"OA","Séries temporelles annuelles","216","Thaïlande","511","Population totale","3010","Population-Estimations","2019","2019","1000 personnes","69625.582","X","Sources internationales sûres",""
"OA","Séries temporelles annuelles","176","Timor-Leste","511","Population totale","3010","Population-Estimations","2019","2019","1000 personnes","1293.119","X","Sources internationales sûres",""
"OA","Séries temporelles annuelles","217","Togo","511","Population totale","3010","Population-Estimations","2019","2019","1000 personnes","8082.366","X","Sources internationales sûres",""
"OA","Séries temporelles annuelles","218","Tokélaou","511","Population totale","3010","Population-Estimations","2019","2019","1000 personnes","1.34","X","Sources internationales sûres","UNDESA, Population Division – World Population Prospects, the 2017 Revision"
"OA","Séries temporelles annuelles","219","Tonga","511","Population totale","3010","Population-Estimations","2019","2019","1000 personnes","104.494","X","Sources internationales sûres",""
"OA","Séries temporelles annuelles","220","Trinité-et-Tobago","511","Population totale","3010","Population-Estimations","2019","2019","1000 personnes","1394.973","X","Sources internationales sûres",""
"OA","Séries temporelles annuelles","222","Tunisie","511","Population totale","3010","Population-Estimations","2019","2019","1000 personnes","11694.719","X","Sources internationales sûres",""
"OA","Séries temporelles annuelles","213","Turkménistan","511","Population totale","3010","Population-Estimations","2019","2019","1000 personnes","5942.089","X","Sources internationales sûres",""
"OA","Séries temporelles annuelles","223","Turquie","511","Population totale","3010","Population-Estimations","2019","2019","1000 personnes","83429.615","X","Sources internationales sûres",""
"OA","Séries temporelles annuelles","227","Tuvalu","511","Population totale","3010","Population-Estimations","2019","2019","1000 personnes","11.646","X","Sources internationales sûres",""
"OA","Séries temporelles annuelles","230","Ukraine","511","Population totale","3010","Population-Estimations","2019","2019","1000 personnes","43993.638","X","Sources internationales sûres",""
"OA","Séries temporelles annuelles","234","Uruguay","511","Population totale","3010","Population-Estimations","2019","2019","1000 personnes","3461.734","X","Sources internationales sûres",""
"OA","Séries temporelles annuelles","155","Vanuatu","511","Population totale","3010","Population-Estimations","2019","2019","1000 personnes","299.882","X","Sources internationales sûres",""
"OA","Séries temporelles annuelles","236","Venezuela (République bolivarienne du)","511","Population totale","3010","Population-Estimations","2019","2019","1000 personnes","28515.829","X","Sources internationales sûres",""
"OA","Séries temporelles annuelles","237","Viet Nam","511","Population totale","3010","Population-Estimations","2019","2019","1000 personnes","96462.106","X","Sources internationales sûres",""
"OA","Séries temporelles annuelles","249","Yémen","511","Population totale","3010","Population-Estimations","2019","2019","1000 personnes","29161.922","X","Sources internationales sûres",""
"OA","Séries temporelles annuelles","251","Zambie","511","Population totale","3010","Population-Estimations","2019","2019","1000 personnes","17861.03","X","Sources internationales sûres",""
"OA","Séries temporelles annuelles","181","Zimbabwe","511","Population totale","3010","Population-Estimations","2019","2019","1000 personnes","14645.468","X","Sources internationales sûres",""
